marque,modele,prix,generation,carrosserie,annee,date,energie,kilometrage,transmition,code postal,chevaux_fiscaux,chevaux_din,etat
FERRARI,488,196760,1 génération,spider roadster,2017,13/05/2020,ESSENCE,12500,AUTOMATIQUE,66000,62,670,<50000km
FERRARI,488,212680,1 génération,spider roadster,2018,30/03/2020,ESSENCE,78288,AUTOMATIQUE,66000,61,670,<150000km
FERRARI,348,81780,1 génération,Coupé,1993,30/03/2020,ESSENCE,29250,MANUEL,24000,21,300,<50000km
FERRARI,CALIFORNIA,136270,1 génération,Cabriolet,2010,30/03/2020,ESSENCE,24676,AUTOMATIQUE,66000,37,460,<50000km
FERRARI,CALIFORNIA,147030,2 génération,Cabriolet,2016,30/03/2020,ESSENCE,38695,AUTOMATIQUE,66000,47,560,<50000km
FERRARI,488,228730,1 génération,spider roadster,2019,14/05/2020,ESSENCE,20125,AUTOMATIQUE,37000,61,670,<50000km
FERRARI,F430,127010,1 génération,Coupé,2009,30/03/2020,ESSENCE,41043,AUTOMATIQUE,92000,43,490,<50000km
FERRARI,488,440130,1 génération,Coupé,2019,30/03/2020,ESSENCE,10303,AUTOMATIQUE,92000,0,720,<50000km
FERRARI,MONDIAL,48280,T,Cabriolet,1989,28/05/2020,ESSENCE,112350,MANUEL,49000,22,296,<150000km
FERRARI,488,294410,1 génération,Coupé,2018,30/03/2020,ESSENCE,8083,AUTOMATIQUE,92000,61,670,<50000km
FERRARI,FF,188610,1 génération,Coupé,2015,30/03/2020,ESSENCE,22610,AUTOMATIQUE,98000,63,660,<50000km
FERRARI,TESTAROSSA,119790,1 génération,Coupé,1989,30/03/2020,ESSENCE,61967,MANUEL,27000,34,390,<150000km
FERRARI,TESTAROSSA,182730,1 génération,Coupé,1986,22/04/2020,ESSENCE,51351,MANUEL,67000,28,390,<150000km
FERRARI,F430,201280,1 génération,Coupé,2009,28/04/2020,ESSENCE,42700,AUTOMATIQUE,66000,43,510,<50000km
FERRARI,360,70740,1 génération,Coupé,2001,30/03/2020,ESSENCE,53628,MANUEL,74000,34,400,<150000km
FERRARI,F430,191420,1 génération,Coupé,2010,30/03/2020,ESSENCE,40137,AUTOMATIQUE,31000,43,510,<50000km
FERRARI,F430,115640,1 génération,Coupé,2008,30/03/2020,ESSENCE,56208,AUTOMATIQUE,51000,43,490,<150000km
FERRARI,488,204220,1 génération,spider roadster,2017,30/03/2020,ESSENCE,19739,AUTOMATIQUE,92000,61,670,<50000km
FERRARI,FF,145840,1 génération,Coupé,2012,30/03/2020,ESSENCE,58800,AUTOMATIQUE,98000,63,660,<150000km
FERRARI,488,255730,1 génération,spider roadster,2018,12/05/2020,ESSENCE,10300,AUTOMATIQUE,69000,61,670,<50000km
FERRARI,F430,134070,1 génération,Coupé,2008,29/05/2020,ESSENCE,43754,AUTOMATIQUE,69000,43,490,<50000km
FERRARI,488,261490,1 génération,Coupé,2019,12/05/2020,ESSENCE,10304,AUTOMATIQUE,69000,61,670,<50000km
FERRARI,488,248290,1 génération,Coupé,2017,12/05/2020,ESSENCE,10355,AUTOMATIQUE,69000,61,670,<50000km
FERRARI,599,142600,1 génération,Coupé,2010,30/03/2020,ESSENCE,41404,AUTOMATIQUE,98000,58,620,<50000km
FERRARI,TESTAROSSA,132390,1 génération,Coupé,1994,13/04/2020,ESSENCE,39220,MANUEL,31000,28,390,<50000km
FERRARI,488,259090,1 génération,spider roadster,2017,12/05/2020,ESSENCE,19218,AUTOMATIQUE,69000,61,670,<50000km
FERRARI,488,217450,1 génération,Coupé,2016,30/03/2020,ESSENCE,11902,AUTOMATIQUE,92000,62,670,<50000km
FERRARI,488,208950,1 génération,Coupé,2018,20/05/2020,ESSENCE,16801,AUTOMATIQUE,69000,61,670,<50000km
FERRARI,CALIFORNIA,189740,2 génération,Cabriolet,2018,30/03/2020,ESSENCE,13225,AUTOMATIQUE,84000,47,560,<50000km
FERRARI,FF,174870,1 génération,Coupé,2012,12/05/2020,ESSENCE,51830,AUTOMATIQUE,69000,63,660,<150000km
FERRARI,CALIFORNIA,134310,1 génération,Cabriolet,2014,30/03/2020,ESSENCE,24414,AUTOMATIQUE,77000,37,460,<50000km
FERRARI,488,210410,1 génération,Coupé,2017,30/03/2020,ESSENCE,22227,AUTOMATIQUE,92000,61,670,<50000km
FERRARI,CALIFORNIA,124180,1 génération,Cabriolet,2013,30/03/2020,ESSENCE,51980,AUTOMATIQUE,74000,40,490,<150000km
FERRARI,F355,91880,1 génération,Coupé,1999,28/04/2020,ESSENCE,64860,MANUEL,31000,20,375,<150000km
FERRARI,488,232140,1 génération,spider roadster,2018,30/03/2020,ESSENCE,27560,AUTOMATIQUE,98000,61,670,<50000km
FERRARI,458,165760,1 génération,Coupé,2011,30/03/2020,ESSENCE,47328,AUTOMATIQUE,31000,49,570,<50000km
FERRARI,456,65980,1 génération,Coupé,2000,30/03/2020,ESSENCE,80740,AUTOMATIQUE,47000,40,442,<150000km
FERRARI,488,251890,1 génération,spider roadster,2019,12/05/2020,ESSENCE,9883,AUTOMATIQUE,69000,61,670,<50000km
FERRARI,488,261970,1 génération,Coupé,2017,30/03/2020,ESSENCE,8395,AUTOMATIQUE,92000,61,670,<50000km
FERRARI,488,226080,1 génération,spider roadster,2019,22/04/2020,ESSENCE,40484,AUTOMATIQUE,67000,61,670,<50000km
FERRARI,458,230250,1 génération,Coupé,2015,30/03/2020,ESSENCE,13045,AUTOMATIQUE,92000,49,570,<50000km
FERRARI,458,203280,1 génération,Coupé,2012,22/04/2020,ESSENCE,10735,AUTOMATIQUE,67000,49,570,<50000km
FERRARI,488,212680,1 génération,spider roadster,2017,21/05/2020,ESSENCE,7784,AUTOMATIQUE,67000,62,670,<50000km
FERRARI,488,317370,1 génération,spider roadster,2018,30/03/2020,ESSENCE,4250,AUTOMATIQUE,98000,61,670,<5000km
FERRARI,348,86670,1 génération,ts targa,1993,30/03/2020,ESSENCE,29455,MANUEL,31000,21,300,<50000km
FERRARI,488,300930,1 génération,Coupé,2020,30/03/2020,ESSENCE,94,AUTOMATIQUE,25000,61,670,<5000km
FERRARI,458,164080,1 génération,Coupé,2012,30/03/2020,ESSENCE,64201,AUTOMATIQUE,66000,49,570,<150000km
FERRARI,456,71990,1 génération,Coupé,1995,13/04/2020,ESSENCE,102082,MANUEL,69000,31,442,<150000km
FERRARI,599,147870,1 génération,Coupé,2008,30/03/2020,ESSENCE,40338,AUTOMATIQUE,92000,60,620,<50000km
FERRARI,PORTOFINO,279630,1 génération,Cabriolet,2020,13/04/2020,ESSENCE,5733,AUTOMATIQUE,69000,52,600,<50000km
FERRARI,CALIFORNIA,132380,1 génération,Cabriolet,2014,30/03/2020,ESSENCE,27560,AUTOMATIQUE,66000,37,490,<50000km
FERRARI,CALIFORNIA,106510,1 génération,Cabriolet,2011,30/03/2020,ESSENCE,77500,AUTOMATIQUE,69000,37,460,<150000km
FERRARI,458,333450,1 génération,Coupé,2016,30/03/2020,ESSENCE,15479,AUTOMATIQUE,92000,53,605,<50000km
FERRARI,456,91880,1 génération,Coupé,2001,30/03/2020,ESSENCE,64170,MANUEL,73000,40,442,<150000km
FERRARI,CALIFORNIA,123080,1 génération,Cabriolet,2013,12/05/2020,ESSENCE,59979,AUTOMATIQUE,69000,37,460,<150000km
FERRARI,488,274370,1 génération,spider roadster,2018,23/05/2020,ESSENCE,9138,AUTOMATIQUE,91000,61,670,<50000km
FERRARI,488,275880,1 génération,Coupé,2017,30/03/2020,ESSENCE,5880,AUTOMATIQUE,6000,61,670,<50000km
FERRARI,F430,217670,1 génération,Coupé,2009,26/05/2020,ESSENCE,40172,AUTOMATIQUE,6000,43,510,<50000km
FERRARI,CALIFORNIA,88930,1 génération,Cabriolet,2010,30/03/2020,ESSENCE,73140,AUTOMATIQUE,69000,37,460,<150000km
FERRARI,812 SUPERFAST,353700,1 génération,Coupé,2018,30/03/2020,ESSENCE,2892,AUTOMATIQUE,92000,0,800,<5000km
FERRARI,458,343270,1 génération,Coupé,2016,30/03/2020,ESSENCE,16569,AUTOMATIQUE,92000,53,605,<50000km
FERRARI,CALIFORNIA,137250,1 génération,Cabriolet,2013,30/03/2020,ESSENCE,67954,AUTOMATIQUE,71000,37,460,<150000km
FERRARI,488,242940,1 génération,spider roadster,2016,30/03/2020,ESSENCE,38420,AUTOMATIQUE,6000,62,670,<50000km
FERRARI,550,83700,1 génération,Coupé,1999,13/04/2020,ESSENCE,104532,MANUEL,31000,30,479,<150000km
FERRARI,488,280680,1 génération,Coupé,2018,25/05/2020,ESSENCE,10413,AUTOMATIQUE,6000,61,670,<50000km
FERRARI,812 SUPERFAST,446490,1 génération,Coupé,2021,30/03/2020,ESSENCE,131,AUTOMATIQUE,92000,81,800,<5000km
FERRARI,488,207880,1 génération,Coupé,2017,18/05/2020,ESSENCE,44000,AUTOMATIQUE,69000,62,670,<50000km
FERRARI,575,93770,1 génération,Coupé,2003,30/03/2020,ESSENCE,90998,MANUEL,54000,47,515,<150000km
FERRARI,488,443360,1 génération,spider roadster,2021,15/05/2020,ESSENCE,96,AUTOMATIQUE,6000,68,720,<5000km
FERRARI,458,166750,1 génération,Coupé,2012,30/03/2020,ESSENCE,31983,AUTOMATIQUE,6000,49,570,<50000km
FERRARI,CALIFORNIA,173880,2 génération,Cabriolet,2017,14/05/2020,ESSENCE,12905,AUTOMATIQUE,91000,47,560,<50000km
FERRARI,F430,104100,1 génération,Coupé,2007,24/05/2020,ESSENCE,67002,AUTOMATIQUE,67000,43,490,<150000km
FERRARI,488,256490,1 génération,spider roadster,2019,30/03/2020,ESSENCE,7068,AUTOMATIQUE,6000,61,670,<50000km
FERRARI,488,272890,1 génération,spider roadster,2019,30/03/2020,ESSENCE,3581,AUTOMATIQUE,6000,61,670,<5000km
FERRARI,PORTOFINO,294990,1 génération,Cabriolet,2021,30/03/2020,ESSENCE,117,AUTOMATIQUE,6000,52,600,<5000km
FERRARI,456,67680,1 génération,Coupé,2001,13/05/2020,ESSENCE,30171,AUTOMATIQUE,33000,40,442,<50000km
FERRARI,F430,108440,1 génération,Coupé,2010,30/04/2020,ESSENCE,76641,AUTOMATIQUE,33000,41,490,<150000km
FERRARI,458,186890,1 génération,Coupé,2013,07/05/2020,ESSENCE,13970,AUTOMATIQUE,33000,49,570,<50000km
FERRARI,PORTOFINO,315640,1 génération,Cabriolet,2021,30/03/2020,ESSENCE,1160,AUTOMATIQUE,68000,52,600,<5000km
FERRARI,CALIFORNIA,114820,1 génération,Cabriolet,2010,15/05/2020,ESSENCE,50572,AUTOMATIQUE,6000,37,460,<150000km
FERRARI,CALIFORNIA,112240,1 génération,Cabriolet,2011,12/05/2020,ESSENCE,51633,AUTOMATIQUE,69000,37,460,<150000km
FERRARI,488,274370,1 génération,Coupé,2018,23/05/2020,ESSENCE,9138,AUTOMATIQUE,91000,61,670,<50000km
FERRARI,488,218380,1 génération,spider roadster,2016,18/05/2020,ESSENCE,17902,AUTOMATIQUE,6000,61,670,<50000km
FERRARI,599,130780,1 génération,Coupé,2009,17/04/2020,ESSENCE,42721,AUTOMATIQUE,6000,58,620,<50000km
FERRARI,575,110440,1 génération,Coupé,2003,30/03/2020,ESSENCE,47508,MANUEL,82000,47,515,<50000km
FERRARI,FF,173880,1 génération,Coupé,2014,30/03/2020,ESSENCE,40020,AUTOMATIQUE,6000,63,660,<50000km
FERRARI,458,318620,1 génération,Coupé,2015,13/05/2020,ESSENCE,29125,AUTOMATIQUE,6000,53,605,<50000km
FERRARI,488,471380,1 génération,spider roadster,2020,30/03/2020,ESSENCE,125,AUTOMATIQUE,6000,68,720,<5000km
FERRARI,488,207550,1 génération,Coupé,2016,21/05/2020,ESSENCE,15491,AUTOMATIQUE,84000,62,670,<50000km
FERRARI,488,242940,1 génération,Coupé,2016,30/03/2020,ESSENCE,38420,AUTOMATIQUE,6000,62,670,<50000km
FERRARI,488,274370,1 génération,Coupé,2017,14/05/2020,ESSENCE,4912,AUTOMATIQUE,6000,61,670,<5000km
FERRARI,F430,224870,1 génération,Coupé,2010,30/03/2020,ESSENCE,37500,AUTOMATIQUE,31000,43,510,<50000km
FERRARI,488,257880,1 génération,Coupé,2018,30/03/2020,ESSENCE,21912,AUTOMATIQUE,67000,61,670,<50000km
FERRARI,488,278170,1 génération,Coupé,2020,30/03/2020,ESSENCE,3267,AUTOMATIQUE,6000,61,670,<5000km
FERRARI,PORTOFINO,260150,1 génération,Cabriolet,2019,30/03/2020,ESSENCE,12584,AUTOMATIQUE,98000,52,600,<50000km
FERRARI,F430,108180,1 génération,Coupé,2007,13/04/2020,ESSENCE,68628,AUTOMATIQUE,69000,43,490,<150000km
FERRARI,CALIFORNIA,188680,2 génération,Cabriolet,2018,13/04/2020,ESSENCE,25649,AUTOMATIQUE,34000,47,560,<50000km
FERRARI,FF,179740,1 génération,Coupé,2014,30/03/2020,ESSENCE,9701,AUTOMATIQUE,6000,63,660,<50000km
FERRARI,599,112880,1 génération,Coupé,2010,06/05/2020,ESSENCE,39550,AUTOMATIQUE,75000,58,620,<50000km
FERRARI,PORTOFINO,241490,1 génération,Cabriolet,2019,08/05/2020,ESSENCE,11730,AUTOMATIQUE,98000,52,600,<50000km
FERRARI,F430,99600,1 génération,Coupé,2008,30/03/2020,ESSENCE,98760,AUTOMATIQUE,57000,43,490,<150000km
FERRARI,CALIFORNIA,162640,2 génération,Cabriolet,2017,30/03/2020,ESSENCE,14175,AUTOMATIQUE,6000,47,560,<50000km
FERRARI,F430,195300,1 génération,Coupé,2010,29/05/2020,ESSENCE,34596,AUTOMATIQUE,25000,43,510,<50000km
FERRARI,812 SUPERFAST,454240,1 génération,Coupé,2021,30/03/2020,ESSENCE,92,AUTOMATIQUE,68000,0,800,<5000km
FERRARI,CALIFORNIA,134070,1 génération,Cabriolet,2010,23/04/2020,ESSENCE,28290,AUTOMATIQUE,83000,37,460,<50000km
FERRARI,458,179660,1 génération,Coupé,2011,27/05/2020,ESSENCE,20114,AUTOMATIQUE,68000,49,570,<50000km
FERRARI,F430,196790,1 génération,Coupé,2009,26/05/2020,ESSENCE,30580,AUTOMATIQUE,6000,43,510,<50000km
FERRARI,CALIFORNIA,176550,2 génération,Cabriolet,2017,30/03/2020,ESSENCE,11128,AUTOMATIQUE,98000,47,560,<50000km
FERRARI,PORTOFINO,249900,1 génération,Cabriolet,2019,22/05/2020,ESSENCE,10115,AUTOMATIQUE,92000,52,600,<50000km
FERRARI,F430,107080,1 génération,Coupé,2006,30/03/2020,ESSENCE,59508,AUTOMATIQUE,54000,43,490,<150000km
FERRARI,575,113050,1 génération,Coupé,2003,30/03/2020,ESSENCE,34510,MANUEL,98000,47,515,<50000km
FERRARI,812 SUPERFAST,418200,1 génération,Coupé,2020,30/03/2020,ESSENCE,3075,AUTOMATIQUE,98000,81,800,<5000km
FERRARI,F430,100300,1 génération,Coupé,2008,30/03/2020,ESSENCE,58056,AUTOMATIQUE,67000,43,490,<150000km
FERRARI,488,198780,1 génération,spider roadster,2017,28/05/2020,ESSENCE,38025,AUTOMATIQUE,67000,62,670,<50000km
FERRARI,599,126500,1 génération,Coupé,2007,30/03/2020,ESSENCE,24585,AUTOMATIQUE,57000,58,620,<50000km
FERRARI,599,172070,1 génération,Coupé,2010,30/03/2020,ESSENCE,54900,AUTOMATIQUE,68000,58,620,<150000km
FERRARI,812 SUPERFAST,447700,1 génération,Coupé,2020,30/03/2020,ESSENCE,230,AUTOMATIQUE,67000,0,800,<5000km
FERRARI,599,123900,1 génération,Coupé,2008,14/05/2020,ESSENCE,18900,AUTOMATIQUE,6000,60,620,<50000km
FERRARI,360,74630,1 génération,Coupé,2005,30/03/2020,ESSENCE,36915,MANUEL,54000,34,400,<50000km
FERRARI,F430,75580,1 génération,Coupé,2006,30/03/2020,ESSENCE,67230,AUTOMATIQUE,51000,43,490,<150000km
FERRARI,550,87000,1 génération,Coupé,1999,30/03/2020,ESSENCE,73337,MANUEL,6000,31,479,<150000km
FERRARI,488,259700,1 génération,Coupé,2018,30/03/2020,ESSENCE,5088,AUTOMATIQUE,68000,61,670,<50000km
FERRARI,488,241870,1 génération,Coupé,2017,18/04/2020,ESSENCE,13189,AUTOMATIQUE,6000,62,670,<50000km
FERRARI,599,235600,1 génération,Coupé,2010,17/04/2020,ESSENCE,22320,AUTOMATIQUE,68000,58,620,<50000km
FERRARI,488,237490,1 génération,spider roadster,2017,14/05/2020,ESSENCE,15120,AUTOMATIQUE,6000,61,670,<50000km
FERRARI,488,247130,1 génération,Coupé,2017,30/03/2020,ESSENCE,17250,AUTOMATIQUE,67000,61,670,<50000km
FERRARI,348,70000,1 génération,Coupé,1992,30/03/2020,ESSENCE,60625,MANUEL,98000,21,300,<150000km
FERRARI,458,215890,1 génération,Coupé,2012,30/03/2020,ESSENCE,17280,AUTOMATIQUE,6000,49,570,<50000km
FERRARI,812 SUPERFAST,373750,1 génération,Coupé,2019,30/03/2020,ESSENCE,3750,AUTOMATIQUE,67000,81,800,<5000km
FERRARI,PORTOFINO,294870,1 génération,Cabriolet,2020,22/04/2020,ESSENCE,3125,AUTOMATIQUE,67000,52,600,<5000km
FERRARI,575,85490,1 génération,Coupé,2005,30/03/2020,ESSENCE,80250,MANUEL,68000,48,515,<150000km
FERRARI,458,315350,1 génération,Coupé,2016,30/03/2020,ESSENCE,37128,AUTOMATIQUE,6000,53,605,<50000km
FERRARI,550,91450,1 génération,Coupé,2002,10/05/2020,ESSENCE,82364,MANUEL,83000,46,479,<150000km
FERRARI,CALIFORNIA,182900,2 génération,Cabriolet,2015,30/03/2020,ESSENCE,7080,AUTOMATIQUE,98000,48,560,<50000km
FERRARI,612 SCAGLIETTI,139200,1 génération,Coupé,2010,30/03/2020,ESSENCE,17748,AUTOMATIQUE,98000,50,540,<50000km
FERRARI,575,135680,1 génération,Coupé,2003,02/05/2020,ESSENCE,21240,MANUEL,91000,47,515,<50000km
FERRARI,F430,223630,1 génération,Coupé,2008,04/05/2020,ESSENCE,17013,MANUEL,91000,43,490,<50000km
FERRARI,456,69480,1 génération,Coupé,1995,17/04/2020,ESSENCE,102000,MANUEL,75000,31,442,<150000km
FERRARI,458,214080,1 génération,Coupé,2016,17/04/2020,ESSENCE,39865,AUTOMATIQUE,75000,49,570,<50000km
FERRARI,488,377890,1 génération,Coupé,2019,13/05/2020,ESSENCE,4104,AUTOMATIQUE,75000,68,720,<5000km
FERRARI,F430,212500,1 génération,Coupé,2010,30/03/2020,ESSENCE,50000,AUTOMATIQUE,75000,43,510,<150000km
FERRARI,F355,113050,1 génération,Cabriolet,1998,22/04/2020,ESSENCE,61005,MANUEL,31000,20,375,<150000km
FERRARI,488,270070,1 génération,spider roadster,2017,30/03/2020,ESSENCE,8701,AUTOMATIQUE,75000,61,670,<50000km
FERRARI,488,223980,1 génération,Coupé,2018,30/03/2020,ESSENCE,48160,AUTOMATIQUE,37000,61,670,<50000km
FERRARI,599,136580,1 génération,Coupé,2009,30/03/2020,ESSENCE,33677,AUTOMATIQUE,7000,58,620,<50000km
FERRARI,F430,112370,1 génération,Coupé,2007,15/05/2020,ESSENCE,84013,AUTOMATIQUE,83000,43,490,<150000km
FERRARI,456,87240,1 génération,Coupé,2001,09/04/2020,ESSENCE,46256,MANUEL,75000,40,442,<50000km
FERRARI,488,511850,1 génération,spider roadster,2020,30/03/2020,ESSENCE,1957,AUTOMATIQUE,98000,68,720,<5000km
FERRARI,F430,121790,1 génération,Coupé,2009,30/03/2020,ESSENCE,19578,MANUEL,13000,43,490,<50000km
FERRARI,F355,82470,1 génération,Cabriolet,1997,30/03/2020,ESSENCE,98875,MANUEL,92000,20,375,<150000km
FERRARI,488,483470,1 génération,Coupé,2021,30/03/2020,ESSENCE,595,AUTOMATIQUE,75000,68,720,<5000km
FERRARI,458,356700,1 génération,Coupé,2016,02/04/2020,ESSENCE,10701,AUTOMATIQUE,75000,53,605,<50000km
FERRARI,599,163390,1 génération,Coupé,2011,14/05/2020,ESSENCE,40882,AUTOMATIQUE,13000,58,620,<50000km
FERRARI,F430,116270,1 génération,Coupé,2007,30/03/2020,ESSENCE,43844,AUTOMATIQUE,33000,43,490,<50000km
FERRARI,TESTAROSSA,93390,1 génération,Coupé,1991,17/05/2020,ESSENCE,86900,MANUEL,42000,28,390,<150000km
FERRARI,612 SCAGLIETTI,92540,1 génération,Coupé,2006,30/03/2020,ESSENCE,62025,AUTOMATIQUE,69000,50,540,<150000km
FERRARI,488,442500,1 génération,Coupé,2020,01/04/2020,ESSENCE,6372,AUTOMATIQUE,13000,68,720,<50000km
FERRARI,F430,95640,1 génération,Coupé,2007,30/03/2020,ESSENCE,53352,AUTOMATIQUE,25000,43,490,<150000km
FERRARI,458,346800,1 génération,Coupé,2016,30/03/2020,ESSENCE,10416,AUTOMATIQUE,13000,53,605,<50000km
FERRARI,F40,1446390,1 génération,Coupé,1992,30/03/2020,ESSENCE,25990,MANUEL,13000,12,478,<50000km
FERRARI,488,271200,1 génération,spider roadster,2017,02/04/2020,ESSENCE,24000,AUTOMATIQUE,75000,61,670,<50000km
FERRARI,CALIFORNIA,138990,2 génération,Cabriolet,2016,02/05/2020,ESSENCE,26750,AUTOMATIQUE,69000,47,560,<50000km
FERRARI,F430,118680,1 génération,Coupé,2008,24/05/2020,ESSENCE,30750,MANUEL,10000,43,490,<50000km
FERRARI,812 SUPERFAST,499980,1 génération,Coupé,2019,30/03/2020,ESSENCE,3563,AUTOMATIQUE,6000,81,800,<5000km
FERRARI,456,86670,1 génération,Coupé,2002,30/03/2020,ESSENCE,54560,AUTOMATIQUE,94000,41,442,<150000km
FERRARI,458,223200,1 génération,Coupé,2015,26/05/2020,ESSENCE,36840,AUTOMATIQUE,75000,49,570,<50000km
FERRARI,348,87370,1 génération,ts targa,1993,06/04/2020,ESSENCE,57000,MANUEL,75000,21,300,<150000km
FERRARI,488,290260,1 génération,spider roadster,2018,09/04/2020,ESSENCE,4484,AUTOMATIQUE,91000,61,670,<5000km
FERRARI,550,116470,1 génération,Coupé,2001,30/03/2020,ESSENCE,62572,MANUEL,63000,45,479,<150000km
FERRARI,458,173980,1 génération,Coupé,2013,27/04/2020,ESSENCE,74240,AUTOMATIQUE,83000,49,570,<150000km
FERRARI,F430,128680,1 génération,Coupé,2009,30/03/2020,ESSENCE,45080,AUTOMATIQUE,98000,41,490,<50000km
FERRARI,488,270810,1 génération,Coupé,2017,23/05/2020,ESSENCE,8009,AUTOMATIQUE,63000,61,670,<50000km
FERRARI,458,172530,1 génération,Coupé,2011,15/05/2020,ESSENCE,38318,AUTOMATIQUE,31000,49,570,<50000km
FERRARI,MONDIAL,57790,T,Coupé,1987,30/03/2020,ESSENCE,66420,MANUEL,33000,22,291,<150000km
FERRARI,FF,181600,1 génération,Coupé,2013,30/03/2020,ESSENCE,24503,AUTOMATIQUE,69000,63,660,<50000km
FERRARI,TESTAROSSA,93480,1 génération,Coupé,1991,30/03/2020,ESSENCE,90043,MANUEL,6000,28,390,<150000km
FERRARI,TESTAROSSA,134380,1 génération,Coupé,1989,30/03/2020,ESSENCE,21728,MANUEL,83000,34,390,<50000km
FERRARI,F430,130000,1 génération,Coupé,2009,30/03/2020,ESSENCE,17500,AUTOMATIQUE,75000,43,490,<50000km
FERRARI,458,301350,1 génération,Coupé,2015,09/04/2020,ESSENCE,19425,AUTOMATIQUE,75000,53,605,<50000km
FERRARI,488,202120,1 génération,spider roadster,2016,30/03/2020,ESSENCE,9951,AUTOMATIQUE,44000,62,670,<50000km
FERRARI,599,118770,1 génération,Coupé,2009,30/03/2020,ESSENCE,48150,AUTOMATIQUE,75000,58,620,<50000km
FERRARI,488,242170,1 génération,Coupé,2016,30/03/2020,ESSENCE,35892,AUTOMATIQUE,83000,62,670,<50000km
FERRARI,458,169480,1 génération,Coupé,2013,12/04/2020,ESSENCE,72320,AUTOMATIQUE,83000,49,570,<150000km
FERRARI,458,198000,1 génération,Coupé,2015,30/03/2020,ESSENCE,30000,AUTOMATIQUE,33000,49,570,<50000km
FERRARI,F430,295900,1 génération,Coupé,2010,30/03/2020,ESSENCE,21890,AUTOMATIQUE,75000,43,510,<50000km
FERRARI,F355,83880,1 génération,gts targa,1997,30/03/2020,ESSENCE,82768,MANUEL,75000,20,375,<150000km
FERRARI,GTC4LUSSO,259780,1 génération,Coupé,2018,30/03/2020,ESSENCE,13334,AUTOMATIQUE,75000,66,690,<50000km
FERRARI,458,215980,1 génération,Coupé,2014,30/03/2020,ESSENCE,5206,AUTOMATIQUE,31000,49,570,<50000km
FERRARI,599,123900,1 génération,Coupé,2007,30/03/2020,ESSENCE,46610,AUTOMATIQUE,75000,60,620,<50000km
FERRARI,488,498750,1 génération,spider roadster,2020,28/05/2020,ESSENCE,6563,AUTOMATIQUE,6000,68,720,<50000km
FERRARI,488,425100,1 génération,spider roadster,2020,30/03/2020,ESSENCE,5995,AUTOMATIQUE,75000,68,720,<50000km
FERRARI,FF,176770,1 génération,Coupé,2016,30/03/2020,ESSENCE,78690,AUTOMATIQUE,92000,63,660,<150000km
FERRARI,360,102080,1 génération,spider roadster,2005,30/03/2020,ESSENCE,52140,MANUEL,91000,34,400,<150000km
FERRARI,FF,151200,1 génération,Coupé,2012,06/04/2020,ESSENCE,42000,AUTOMATIQUE,98000,63,660,<50000km
FERRARI,F355,77850,1 génération,Cabriolet,1996,30/03/2020,ESSENCE,105910,MANUEL,33000,20,375,<150000km
FERRARI,348,94230,1 génération,ts targa,1996,30/03/2020,ESSENCE,25965,MANUEL,13000,22,300,<50000km
FERRARI,488,252990,1 génération,spider roadster,2017,16/05/2020,ESSENCE,4600,AUTOMATIQUE,98000,61,670,<5000km
FERRARI,488,470820,1 génération,spider roadster,2020,17/04/2020,ESSENCE,3186,AUTOMATIQUE,31000,68,720,<5000km
FERRARI,F430,87090,1 génération,Coupé,2007,30/03/2020,ESSENCE,74011,AUTOMATIQUE,75000,43,490,<150000km
FERRARI,348,78980,1 génération,ts targa,1992,30/03/2020,ESSENCE,62184,MANUEL,31000,21,300,<150000km
FERRARI,550,126500,1 génération,Coupé,2001,30/03/2020,ESSENCE,31790,MANUEL,75000,45,479,<50000km
FERRARI,612 SCAGLIETTI,91880,1 génération,Coupé,2008,30/03/2020,ESSENCE,55237,AUTOMATIQUE,98000,50,540,<150000km
FERRARI,PORTOFINO,250370,1 génération,Cabriolet,2019,13/04/2020,ESSENCE,16052,AUTOMATIQUE,98000,52,600,<50000km
FERRARI,488,435670,1 génération,Coupé,2020,30/03/2020,ESSENCE,3963,AUTOMATIQUE,6000,68,720,<5000km
FERRARI,575,83980,1 génération,Coupé,2004,06/05/2020,ESSENCE,24517,MANUEL,92000,47,515,<50000km
FERRARI,F430,111190,1 génération,Coupé,2007,27/05/2020,ESSENCE,42004,AUTOMATIQUE,13000,43,490,<50000km
FERRARI,599,178380,1 génération,Coupé,2009,30/03/2020,ESSENCE,39821,AUTOMATIQUE,31000,58,620,<50000km
FERRARI,458,167190,1 génération,Coupé,2011,13/04/2020,ESSENCE,66220,AUTOMATIQUE,31000,49,570,<150000km
FERRARI,348,97470,1 génération,Coupé,1996,30/03/2020,ESSENCE,71580,MANUEL,31000,22,300,<150000km
FERRARI,456,46280,1 génération,Coupé,1996,30/03/2020,ESSENCE,172260,MANUEL,75000,31,442,<250000km
FERRARI,488,282310,1 génération,Coupé,2019,22/04/2020,ESSENCE,3161,AUTOMATIQUE,6000,61,670,<5000km
FERRARI,812 SUPERFAST,373230,1 génération,Coupé,2019,30/03/2020,ESSENCE,4095,AUTOMATIQUE,6000,81,800,<5000km
FERRARI,CALIFORNIA,159480,2 génération,Cabriolet,2016,30/03/2020,ESSENCE,26790,AUTOMATIQUE,6000,47,560,<50000km
FERRARI,458,223090,1 génération,Coupé,2014,30/03/2020,ESSENCE,15885,AUTOMATIQUE,98000,49,570,<50000km
FERRARI,458,201130,1 génération,Coupé,2013,20/05/2020,ESSENCE,49777,AUTOMATIQUE,31000,49,570,<50000km
FERRARI,456,74860,1 génération,Coupé,2001,24/04/2020,ESSENCE,58252,AUTOMATIQUE,83000,40,442,<150000km
FERRARI,488,229950,1 génération,spider roadster,2018,30/03/2020,ESSENCE,3045,AUTOMATIQUE,98000,61,670,<5000km
FERRARI,458,215890,1 génération,Coupé,2016,30/03/2020,ESSENCE,26894,AUTOMATIQUE,31000,49,570,<50000km
FERRARI,488,198210,1 génération,Coupé,2016,30/03/2020,ESSENCE,29925,AUTOMATIQUE,7000,62,670,<50000km
FERRARI,458,181150,1 génération,Coupé,2011,30/03/2020,ESSENCE,42519,AUTOMATIQUE,33000,49,570,<50000km
FERRARI,599,165080,1 génération,Coupé,2007,30/03/2020,ESSENCE,44511,AUTOMATIQUE,31000,58,620,<50000km
FERRARI,575,95180,1 génération,Coupé,2004,30/03/2020,ESSENCE,60168,MANUEL,56000,47,515,<150000km
FERRARI,F430,111980,1 génération,Coupé,2006,30/03/2020,ESSENCE,50622,AUTOMATIQUE,91000,43,490,<150000km
FERRARI,F430,128160,1 génération,Coupé,2009,15/05/2020,ESSENCE,35508,MANUEL,33000,43,490,<50000km
FERRARI,CALIFORNIA,134280,1 génération,Cabriolet,2013,30/03/2020,ESSENCE,41664,AUTOMATIQUE,67000,37,490,<50000km
FERRARI,PORTOFINO,253880,1 génération,Cabriolet,2019,30/03/2020,ESSENCE,10296,AUTOMATIQUE,83000,52,600,<50000km
FERRARI,TESTAROSSA,118640,1 génération,Coupé,1987,30/03/2020,ESSENCE,35030,MANUEL,75000,34,390,<50000km
FERRARI,456,111470,1 génération,Coupé,2004,30/03/2020,ESSENCE,37954,MANUEL,31000,40,442,<50000km
FERRARI,TESTAROSSA,113880,1 génération,Coupé,1989,17/04/2020,ESSENCE,31464,MANUEL,75000,34,390,<50000km
FERRARI,360,71770,1 génération,Coupé,2005,30/03/2020,ESSENCE,91802,MANUEL,33000,34,400,<150000km
FERRARI,488,471880,1 génération,spider roadster,2020,30/03/2020,ESSENCE,171,AUTOMATIQUE,92000,68,720,<5000km
FERRARI,488,271430,1 génération,spider roadster,2019,30/03/2020,ESSENCE,9771,AUTOMATIQUE,92000,61,670,<50000km
FERRARI,CALIFORNIA,173040,2 génération,Cabriolet,2017,19/05/2020,ESSENCE,23400,AUTOMATIQUE,75000,47,560,<50000km
FERRARI,PORTOFINO,264480,1 génération,Cabriolet,2019,30/03/2020,ESSENCE,11500,AUTOMATIQUE,12000,52,600,<50000km
FERRARI,575,105890,1 génération,Coupé,2004,30/03/2020,ESSENCE,29096,MANUEL,69000,47,515,<50000km
FERRARI,F430,322640,1 génération,Coupé,2010,08/05/2020,ESSENCE,18530,AUTOMATIQUE,98000,43,510,<50000km
FERRARI,488,442280,1 génération,spider roadster,2020,30/03/2020,ESSENCE,1019,AUTOMATIQUE,33000,68,720,<5000km
FERRARI,599,137880,1 génération,Coupé,2008,30/03/2020,ESSENCE,35503,AUTOMATIQUE,13000,60,620,<50000km
FERRARI,599,176880,1 génération,Coupé,2011,30/03/2020,ESSENCE,44250,AUTOMATIQUE,75000,58,620,<50000km
FERRARI,488,229600,1 génération,spider roadster,2017,30/03/2020,ESSENCE,20294,AUTOMATIQUE,31000,61,670,<50000km
FERRARI,CALIFORNIA,125880,1 génération,Cabriolet,2011,30/03/2020,ESSENCE,73129,AUTOMATIQUE,31000,37,460,<150000km
FERRARI,812 SUPERFAST,416290,1 génération,Coupé,2019,30/03/2020,ESSENCE,1552,AUTOMATIQUE,98000,81,800,<5000km
FERRARI,360,81000,1 génération,spider roadster,2001,30/03/2020,ESSENCE,68580,MANUEL,75000,34,400,<150000km
FERRARI,812 SUPERFAST,390550,1 génération,Coupé,2019,13/04/2020,ESSENCE,5720,AUTOMATIQUE,98000,81,800,<50000km
FERRARI,TESTAROSSA,85490,1 génération,Coupé,1991,22/04/2020,ESSENCE,85772,MANUEL,13000,28,390,<150000km
FERRARI,550,105890,1 génération,Coupé,2001,30/03/2020,ESSENCE,31694,MANUEL,75000,45,479,<50000km
FERRARI,599,149640,1 génération,Coupé,2007,13/04/2020,ESSENCE,40600,AUTOMATIQUE,98000,58,620,<50000km
FERRARI,488,270220,1 génération,Coupé,2018,30/03/2020,ESSENCE,2124,AUTOMATIQUE,98000,61,670,<5000km
FERRARI,CALIFORNIA,148390,2 génération,Cabriolet,2016,04/04/2020,ESSENCE,50050,AUTOMATIQUE,67000,47,560,<150000km
FERRARI,CALIFORNIA,159830,2 génération,Cabriolet,2016,13/05/2020,ESSENCE,42780,AUTOMATIQUE,75000,47,560,<50000km
FERRARI,360,114880,1 génération,spider roadster,2002,30/03/2020,ESSENCE,29741,MANUEL,31000,34,400,<50000km
FERRARI,F430,114880,1 génération,Coupé,2008,30/03/2020,ESSENCE,90305,AUTOMATIQUE,31000,43,490,<150000km
FERRARI,599,130420,1 génération,Coupé,2010,30/03/2020,ESSENCE,59488,AUTOMATIQUE,33000,58,620,<150000km
FERRARI,F430,193320,1 génération,Coupé,2010,12/05/2020,ESSENCE,32346,AUTOMATIQUE,42000,43,510,<50000km
FERRARI,F430,87820,1 génération,Coupé,2006,12/05/2020,ESSENCE,87072,AUTOMATIQUE,33000,43,490,<150000km
FERRARI,488,416960,1 génération,spider roadster,2020,12/05/2020,ESSENCE,166,AUTOMATIQUE,98000,68,720,<5000km
FERRARI,CALIFORNIA,132390,2 génération,Cabriolet,2015,30/03/2020,ESSENCE,19610,AUTOMATIQUE,75000,47,560,<50000km
FERRARI,GTC4LUSSO,323300,1 génération,Coupé,2017,30/03/2020,ESSENCE,2806,AUTOMATIQUE,42000,66,690,<5000km
FERRARI,488,298760,1 génération,Coupé,2019,28/04/2020,ESSENCE,32626,AUTOMATIQUE,31000,61,670,<50000km
FERRARI,FF,160390,1 génération,Coupé,2013,30/03/2020,ESSENCE,39162,AUTOMATIQUE,75000,63,660,<50000km
FERRARI,TESTAROSSA,108290,1 génération,Coupé,1991,30/03/2020,ESSENCE,50160,MANUEL,67000,34,390,<150000km
FERRARI,550,101450,1 génération,Coupé,2001,30/03/2020,ESSENCE,34770,MANUEL,75000,45,479,<50000km
FERRARI,812 SUPERFAST,414670,1 génération,Coupé,2020,13/04/2020,ESSENCE,4160,AUTOMATIQUE,31000,81,800,<5000km
FERRARI,488,216480,1 génération,Coupé,2016,30/03/2020,ESSENCE,22789,AUTOMATIQUE,75000,62,670,<50000km
FERRARI,599,156800,1 génération,Coupé,2011,30/03/2020,ESSENCE,52864,AUTOMATIQUE,75000,58,620,<150000km
FERRARI,458,282900,1 génération,Coupé,2016,30/03/2020,ESSENCE,12534,AUTOMATIQUE,33000,49,570,<50000km
FERRARI,F355,104550,1 génération,Coupé,2000,30/03/2020,ESSENCE,69495,MANUEL,75000,33,375,<150000km
FERRARI,F355,107520,1 génération,Cabriolet,1997,30/03/2020,ESSENCE,41216,MANUEL,78000,20,375,<50000km
FERRARI,488,302370,1 génération,spider roadster,2019,13/04/2020,ESSENCE,14399,AUTOMATIQUE,31000,61,670,<50000km
FERRARI,F430,111420,1 génération,Coupé,2010,16/04/2020,ESSENCE,23541,AUTOMATIQUE,33000,43,490,<50000km
FERRARI,458,164020,1 génération,Coupé,2011,30/03/2020,ESSENCE,44911,AUTOMATIQUE,75000,49,570,<50000km
FERRARI,488,255180,1 génération,Coupé,2018,30/03/2020,ESSENCE,29379,AUTOMATIQUE,31000,61,670,<50000km
FERRARI,488,229950,1 génération,Coupé,2018,30/03/2020,ESSENCE,3045,AUTOMATIQUE,98000,61,670,<5000km
FERRARI,CALIFORNIA,106600,1 génération,Cabriolet,2010,17/04/2020,ESSENCE,62862,AUTOMATIQUE,69000,37,460,<150000km
FERRARI,CALIFORNIA,165390,2 génération,Cabriolet,2017,30/03/2020,ESSENCE,18870,AUTOMATIQUE,67000,47,560,<50000km
FERRARI,360,114880,1 génération,Coupé,2002,30/03/2020,ESSENCE,29741,MANUEL,31000,34,400,<50000km
FERRARI,488,442280,1 génération,Coupé,2020,30/03/2020,ESSENCE,1019,AUTOMATIQUE,33000,68,720,<5000km
FERRARI,GTC4LUSSO,265640,1 génération,Coupé,2018,30/03/2020,ESSENCE,16820,AUTOMATIQUE,75000,66,690,<50000km
FERRARI,CALIFORNIA,163390,2 génération,Cabriolet,2017,30/03/2020,ESSENCE,21263,AUTOMATIQUE,35000,47,560,<50000km
FERRARI,360,121770,1 génération,spider roadster,2001,30/03/2020,ESSENCE,14625,MANUEL,13000,34,400,<50000km
FERRARI,488,435670,1 génération,spider roadster,2020,30/03/2020,ESSENCE,3963,AUTOMATIQUE,6000,68,720,<5000km
FERRARI,456,80580,1 génération,Coupé,2002,27/05/2020,ESSENCE,110112,MANUEL,29000,40,442,<150000km
FERRARI,612 SCAGLIETTI,79800,1 génération,Coupé,2006,30/03/2020,ESSENCE,49950,AUTOMATIQUE,16000,50,540,<50000km
FERRARI,F355,85450,1 génération,Cabriolet,1999,22/05/2020,ESSENCE,73920,MANUEL,64000,20,375,<150000km
FERRARI,488,223880,1 génération,spider roadster,2017,30/03/2020,ESSENCE,17195,AUTOMATIQUE,13000,62,670,<50000km
FERRARI,488,216480,1 génération,spider roadster,2016,30/03/2020,ESSENCE,22789,AUTOMATIQUE,75000,62,670,<50000km
FERRARI,812 SUPERFAST,531190,1 génération,Coupé,2019,30/03/2020,ESSENCE,8712,AUTOMATIQUE,75000,81,800,<50000km
FERRARI,550,120640,1 génération,Coupé,2002,30/03/2020,ESSENCE,15934,MANUEL,13000,30,479,<50000km
FERRARI,458,162800,1 génération,Coupé,2012,30/03/2020,ESSENCE,49720,AUTOMATIQUE,67000,49,570,<50000km
FERRARI,PORTOFINO,260900,1 génération,Cabriolet,2021,25/04/2020,ESSENCE,105,AUTOMATIQUE,75000,52,600,<5000km
FERRARI,488,220330,1 génération,spider roadster,2017,30/03/2020,ESSENCE,6649,AUTOMATIQUE,72000,61,670,<50000km
FERRARI,360,71770,1 génération,spider roadster,2005,30/03/2020,ESSENCE,91802,MANUEL,33000,34,400,<150000km
FERRARI,488,453710,1 génération,spider roadster,2020,26/05/2020,ESSENCE,2052,AUTOMATIQUE,6000,68,720,<5000km
FERRARI,488,224130,1 génération,spider roadster,2017,30/03/2020,ESSENCE,26782,AUTOMATIQUE,31000,61,670,<50000km
FERRARI,FF,181780,1 génération,Coupé,2014,30/03/2020,ESSENCE,56120,AUTOMATIQUE,98000,63,660,<150000km
FERRARI,458,206380,1 génération,Coupé,2016,30/03/2020,ESSENCE,28792,AUTOMATIQUE,75000,49,570,<50000km
FERRARI,612 SCAGLIETTI,92680,1 génération,Coupé,2008,30/03/2020,ESSENCE,55717,AUTOMATIQUE,98000,50,540,<150000km
FERRARI,F355,104550,1 génération,gts targa,2000,30/03/2020,ESSENCE,69495,MANUEL,75000,33,375,<150000km
FERRARI,488,255190,1 génération,spider roadster,2017,16/05/2020,ESSENCE,4640,AUTOMATIQUE,98000,61,670,<5000km
FERRARI,599,192390,1 génération,Coupé,2011,30/03/2020,ESSENCE,48785,AUTOMATIQUE,31000,58,620,<50000km
FERRARI,488,318000,1 génération,spider roadster,2020,04/04/2020,ESSENCE,600,AUTOMATIQUE,13000,61,670,<5000km
FERRARI,CALIFORNIA,126920,1 génération,Cabriolet,2011,30/03/2020,ESSENCE,73739,AUTOMATIQUE,31000,37,460,<150000km
FERRARI,F430,325600,1 génération,Coupé,2010,08/05/2020,ESSENCE,18700,AUTOMATIQUE,98000,43,510,<50000km
FERRARI,488,228790,1 génération,Coupé,2017,30/03/2020,ESSENCE,18702,AUTOMATIQUE,31000,62,670,<50000km
FERRARI,TESTAROSSA,129680,1 génération,Coupé,1993,30/03/2020,ESSENCE,70929,MANUEL,31000,28,390,<150000km
FERRARI,CALIFORNIA,179880,2 génération,Cabriolet,2016,30/03/2020,ESSENCE,33180,AUTOMATIQUE,75000,47,560,<50000km
FERRARI,550,117590,1 génération,Coupé,2001,30/03/2020,ESSENCE,74686,MANUEL,85000,45,479,<150000km
FERRARI,456,62580,1 génération,Coupé,2002,30/03/2020,ESSENCE,87324,AUTOMATIQUE,75000,40,442,<150000km
FERRARI,CALIFORNIA,148730,2 génération,Cabriolet,2016,30/03/2020,ESSENCE,28890,AUTOMATIQUE,6000,47,560,<50000km
FERRARI,599,137370,1 génération,Coupé,2011,30/03/2020,ESSENCE,45275,AUTOMATIQUE,75000,58,620,<50000km
FERRARI,F430,88570,1 génération,Coupé,2006,12/05/2020,ESSENCE,87810,AUTOMATIQUE,33000,43,490,<150000km
FERRARI,488,233570,1 génération,Coupé,2017,03/04/2020,ESSENCE,17220,AUTOMATIQUE,67000,62,670,<50000km
FERRARI,F355,78540,1 génération,gts targa,1996,30/03/2020,ESSENCE,106848,MANUEL,33000,20,375,<150000km
FERRARI,599,116880,1 génération,Coupé,2008,30/03/2020,ESSENCE,55341,AUTOMATIQUE,92000,58,620,<150000km
FERRARI,812 SUPERFAST,418070,1 génération,Coupé,2020,13/04/2020,ESSENCE,4194,AUTOMATIQUE,31000,81,800,<5000km
FERRARI,488,231640,1 génération,Coupé,2017,30/03/2020,ESSENCE,20476,AUTOMATIQUE,31000,61,670,<50000km
FERRARI,F430,115880,1 génération,Coupé,2008,30/03/2020,ESSENCE,91090,AUTOMATIQUE,31000,43,490,<150000km
FERRARI,458,165410,1 génération,Coupé,2011,30/03/2020,ESSENCE,45291,AUTOMATIQUE,75000,49,570,<50000km
FERRARI,550,127650,1 génération,Coupé,2001,30/03/2020,ESSENCE,32079,MANUEL,75000,45,479,<50000km
FERRARI,488,289190,1 génération,Coupé,2019,13/04/2020,ESSENCE,9196,AUTOMATIQUE,98000,61,670,<50000km
FERRARI,599,150930,1 génération,Coupé,2007,13/04/2020,ESSENCE,40950,AUTOMATIQUE,98000,58,620,<50000km
FERRARI,CALIFORNIA,149730,2 génération,Cabriolet,2016,04/04/2020,ESSENCE,50505,AUTOMATIQUE,67000,47,560,<150000km
FERRARI,CALIFORNIA,164890,2 génération,Cabriolet,2017,30/03/2020,ESSENCE,21458,AUTOMATIQUE,35000,47,560,<50000km
FERRARI,360,105300,1 génération,spider roadster,2005,30/03/2020,ESSENCE,57213,MANUEL,75000,34,400,<150000km
FERRARI,CALIFORNIA,135480,1 génération,Cabriolet,2013,30/03/2020,ESSENCE,42036,AUTOMATIQUE,67000,37,490,<50000km
FERRARI,488,420650,1 génération,Coupé,2020,12/05/2020,ESSENCE,168,AUTOMATIQUE,98000,68,720,<5000km
FERRARI,FF,161890,1 génération,Coupé,2013,30/03/2020,ESSENCE,39528,AUTOMATIQUE,75000,63,660,<50000km
FERRARI,812 SUPERFAST,399490,1 génération,Coupé,2021,03/04/2020,ESSENCE,421,AUTOMATIQUE,98000,81,800,<5000km
FERRARI,599,131510,1 génération,Coupé,2010,30/03/2020,ESSENCE,59988,AUTOMATIQUE,33000,58,620,<150000km
FERRARI,GTC4LUSSO,325950,1 génération,Coupé,2017,30/03/2020,ESSENCE,2829,AUTOMATIQUE,42000,66,690,<5000km
FERRARI,FF,183880,1 génération,Coupé,2015,23/05/2020,ESSENCE,19245,AUTOMATIQUE,69000,63,660,<50000km
FERRARI,F430,195110,1 génération,Coupé,2010,12/05/2020,ESSENCE,32646,AUTOMATIQUE,42000,43,510,<50000km
FERRARI,599,178380,1 génération,Coupé,2011,30/03/2020,ESSENCE,44625,AUTOMATIQUE,75000,58,620,<50000km
FERRARI,599,156250,1 génération,Coupé,2009,30/03/2020,ESSENCE,23375,AUTOMATIQUE,67000,58,620,<50000km
FERRARI,F430,96040,1 génération,Coupé,2007,26/05/2020,ESSENCE,81360,AUTOMATIQUE,92000,43,490,<150000km
FERRARI,F430,99200,1 génération,Coupé,2007,20/05/2020,ESSENCE,58280,AUTOMATIQUE,98000,43,490,<150000km
FERRARI,F430,119670,1 génération,Coupé,2010,30/03/2020,ESSENCE,15436,AUTOMATIQUE,91000,41,490,<50000km
FERRARI,612 SCAGLIETTI,86130,1 génération,Coupé,2006,30/03/2020,ESSENCE,48300,AUTOMATIQUE,21000,50,540,<50000km
FERRARI,CALIFORNIA,112580,1 génération,Cabriolet,2010,27/05/2020,ESSENCE,52773,AUTOMATIQUE,94000,37,460,<150000km
FERRARI,488,228160,1 génération,spider roadster,2016,30/03/2020,ESSENCE,14260,AUTOMATIQUE,38000,62,670,<50000km
FERRARI,F430,80250,1 génération,Coupé,2006,30/03/2020,ESSENCE,75756,AUTOMATIQUE,94000,43,490,<150000km
FERRARI,348,60450,1 génération,ts targa,1995,02/05/2020,ESSENCE,108706,MANUEL,45000,21,300,<150000km
FERRARI,F355,79020,1 génération,Coupé,1998,09/04/2020,ESSENCE,78480,MANUEL,29000,20,375,<150000km
FERRARI,F355,84240,1 génération,gts targa,1997,22/05/2020,ESSENCE,102960,MANUEL,30000,20,375,<150000km
FERRARI,F430,85870,1 génération,Coupé,2007,30/03/2020,ESSENCE,70715,AUTOMATIQUE,65000,43,490,<150000km
FERRARI,F430,89240,1 génération,Coupé,2006,30/03/2020,ESSENCE,69615,MANUEL,34000,43,490,<150000km
FERRARI,F355,84240,1 génération,Coupé,1997,22/05/2020,ESSENCE,102960,MANUEL,30000,20,375,<150000km
FERRARI,TESTAROSSA,117880,1 génération,Coupé,1991,30/03/2020,ESSENCE,37760,MANUEL,12000,28,390,<50000km
FERRARI,612 SCAGLIETTI,93340,1 génération,Coupé,2007,30/03/2020,ESSENCE,41181,AUTOMATIQUE,31000,50,540,<50000km
FERRARI,488,263350,1 génération,spider roadster,2018,13/04/2020,ESSENCE,11385,AUTOMATIQUE,98000,61,670,<50000km
FERRARI,F430,115830,1 génération,Coupé,2008,30/03/2020,ESSENCE,45373,AUTOMATIQUE,59000,43,490,<50000km
FERRARI,F430,103250,1 génération,Coupé,2006,13/04/2020,ESSENCE,52392,AUTOMATIQUE,98000,43,490,<150000km
FERRARI,458,179680,1 génération,Coupé,2012,30/03/2020,ESSENCE,33524,AUTOMATIQUE,33000,49,570,<50000km
FERRARI,575,103950,1 génération,Coupé,2003,30/03/2020,ESSENCE,77181,MANUEL,31000,47,515,<150000km
FERRARI,CALIFORNIA,123990,1 génération,Cabriolet,2011,30/03/2020,ESSENCE,44020,AUTOMATIQUE,12000,37,460,<50000km
FERRARI,F355,96450,1 génération,Coupé,1996,30/03/2020,ESSENCE,77960,MANUEL,27000,20,375,<150000km
FERRARI,488,288840,1 génération,spider roadster,2017,30/03/2020,ESSENCE,3712,AUTOMATIQUE,68000,61,670,<5000km
FERRARI,CALIFORNIA,94380,1 génération,Cabriolet,2010,30/03/2020,ESSENCE,43427,AUTOMATIQUE,6000,37,460,<50000km
FERRARI,456,81780,1 génération,Coupé,2000,02/05/2020,ESSENCE,76811,MANUEL,22000,40,442,<150000km
FERRARI,488,279380,1 génération,Coupé,2018,30/03/2020,ESSENCE,5246,AUTOMATIQUE,34000,61,670,<50000km
FERRARI,F430,102920,1 génération,Coupé,2007,30/03/2020,ESSENCE,36520,AUTOMATIQUE,33000,43,490,<50000km
FERRARI,599,165390,1 génération,Coupé,2011,30/03/2020,ESSENCE,49247,AUTOMATIQUE,33000,58,620,<50000km
FERRARI,812 SUPERFAST,367130,1 génération,Coupé,2019,30/03/2020,ESSENCE,11220,AUTOMATIQUE,69000,81,800,<50000km
FERRARI,TESTAROSSA,104900,1 génération,Coupé,1992,30/03/2020,ESSENCE,55377,MANUEL,35000,28,390,<150000km
FERRARI,550,90100,1 génération,Coupé,2000,30/03/2020,ESSENCE,73246,MANUEL,75000,30,479,<150000km
FERRARI,CALIFORNIA,184000,2 génération,Cabriolet,2018,30/03/2020,ESSENCE,12650,AUTOMATIQUE,69000,47,560,<50000km
FERRARI,456,75020,1 génération,Coupé,1995,13/04/2020,ESSENCE,62712,MANUEL,98000,31,442,<150000km
FERRARI,458,399300,1 génération,Coupé,2016,30/03/2020,ESSENCE,4235,AUTOMATIQUE,68000,53,605,<5000km
FERRARI,458,147550,1 génération,Coupé,2011,30/03/2020,ESSENCE,44405,AUTOMATIQUE,16000,49,570,<50000km
FERRARI,CALIFORNIA,141480,1 génération,Cabriolet,2013,30/03/2020,ESSENCE,47082,AUTOMATIQUE,75000,37,490,<50000km
FERRARI,MONDIAL,55350,T,Cabriolet,1991,30/03/2020,ESSENCE,41205,MANUEL,64000,22,296,<50000km
FERRARI,F430,197630,1 génération,Coupé,2009,30/03/2020,ESSENCE,27120,AUTOMATIQUE,13000,43,510,<50000km
FERRARI,TESTAROSSA,107460,512 TR,Coupé,1993,30/03/2020,ESSENCE,23760,MANUEL,75000,28,428,<50000km
FERRARI,599,121390,1 génération,Coupé,2009,30/03/2020,ESSENCE,102358,AUTOMATIQUE,35000,58,620,<150000km
FERRARI,550,112330,1 génération,Coupé,2001,30/03/2020,ESSENCE,59599,MANUEL,86000,30,479,<150000km
FERRARI,CALIFORNIA,93580,1 génération,Cabriolet,2010,13/04/2020,ESSENCE,115245,AUTOMATIQUE,91000,37,460,<150000km
FERRARI,550,105400,1 génération,Coupé,1998,30/03/2020,ESSENCE,75578,MANUEL,1000,31,479,<150000km
FERRARI,612 SCAGLIETTI,106890,1 génération,Coupé,2006,30/03/2020,ESSENCE,74900,AUTOMATIQUE,13000,50,540,<150000km
FERRARI,CALIFORNIA,121240,1 génération,Cabriolet,2011,30/03/2020,ESSENCE,38440,AUTOMATIQUE,7000,37,460,<50000km
FERRARI,488,213890,1 génération,Coupé,2017,30/03/2020,ESSENCE,10593,AUTOMATIQUE,94000,62,670,<50000km
FERRARI,CALIFORNIA,164700,2 génération,Cabriolet,2018,15/05/2020,ESSENCE,28170,AUTOMATIQUE,16000,47,560,<50000km
FERRARI,488,204790,1 génération,spider roadster,2017,30/03/2020,ESSENCE,54390,AUTOMATIQUE,6000,61,670,<150000km
FERRARI,TESTAROSSA,137640,1 génération,Coupé,1992,30/03/2020,ESSENCE,8314,MANUEL,16000,28,390,<50000km
FERRARI,CALIFORNIA,107550,1 génération,Cabriolet,2012,30/03/2020,ESSENCE,44367,AUTOMATIQUE,78000,37,460,<50000km
FERRARI,348,63130,1 génération,ts targa,1992,08/04/2020,ESSENCE,76935,MANUEL,69000,21,300,<150000km
FERRARI,F430,98470,1 génération,Coupé,2007,30/03/2020,ESSENCE,48018,AUTOMATIQUE,85000,43,490,<50000km
FERRARI,MONDIAL,66250,T,Coupé,1989,17/04/2020,ESSENCE,47500,MANUEL,31200,22,291,<50000km
FERRARI,F430,88780,1 génération,Coupé,2006,30/03/2020,ESSENCE,54612,AUTOMATIQUE,74000,43,490,<150000km
FERRARI,458,160920,1 génération,Coupé,2013,13/04/2020,ESSENCE,45144,AUTOMATIQUE,92000,49,570,<50000km
FERRARI,348,79350,1 génération,Coupé,1991,06/05/2020,ESSENCE,27025,MANUEL,80000,21,300,<50000km
FERRARI,550,97060,1 génération,Coupé,1997,30/03/2020,ESSENCE,36951,MANUEL,94000,30,479,<50000km
FERRARI,599,120830,1 génération,Coupé,2008,30/03/2020,ESSENCE,48450,AUTOMATIQUE,75000,60,620,<50000km
FERRARI,812 SUPERFAST,420900,1 génération,Coupé,2019,30/03/2020,ESSENCE,5950,AUTOMATIQUE,75000,81,800,<50000km
FERRARI,F430,182520,1 génération,Coupé,2011,15/05/2020,ESSENCE,26676,MANUEL,75000,43,510,<50000km
FERRARI,TESTAROSSA,118800,1 génération,Coupé,1991,30/03/2020,ESSENCE,42120,MANUEL,98000,28,390,<50000km
FERRARI,612 SCAGLIETTI,87970,1 génération,Coupé,2007,30/03/2020,ESSENCE,32527,MANUEL,17000,50,540,<50000km
FERRARI,F355,92250,1 génération,gts targa,1996,13/04/2020,ESSENCE,74046,MANUEL,28000,20,375,<150000km
FERRARI,612 SCAGLIETTI,110190,1 génération,Coupé,2010,30/03/2020,ESSENCE,26680,AUTOMATIQUE,65000,50,540,<50000km
FERRARI,458,198000,1 génération,Coupé,2014,30/03/2020,ESSENCE,33983,AUTOMATIQUE,57000,49,570,<50000km
FERRARI,599,381500,1 génération,Coupé,2013,15/04/2020,ESSENCE,11372,AUTOMATIQUE,81000,58,620,<50000km
FERRARI,F430,346840,1 génération,Coupé,2010,30/03/2020,ESSENCE,11020,AUTOMATIQUE,78000,43,510,<50000km
FERRARI,612 SCAGLIETTI,105620,1 génération,Coupé,2009,30/03/2020,ESSENCE,73421,AUTOMATIQUE,94000,50,540,<150000km
FERRARI,599,118880,1 génération,Coupé,2008,30/03/2020,ESSENCE,61047,AUTOMATIQUE,75000,58,620,<150000km
FERRARI,F355,111710,1 génération,Coupé,1999,26/05/2020,ESSENCE,41268,MANUEL,74000,20,375,<50000km
FERRARI,599,930000,1 génération,Coupé,2012,30/03/2020,ESSENCE,1696,AUTOMATIQUE,6000,64,670,<5000km
FERRARI,488,263350,1 génération,Coupé,2018,13/04/2020,ESSENCE,11385,AUTOMATIQUE,98000,61,670,<50000km
FERRARI,F355,100300,1 génération,gts targa,1998,30/03/2020,ESSENCE,58056,MANUEL,98000,20,375,<150000km
FERRARI,CALIFORNIA,167470,2 génération,Cabriolet,2017,30/03/2020,ESSENCE,19611,AUTOMATIQUE,72000,47,560,<50000km
FERRARI,FF,165410,1 génération,Coupé,2012,30/03/2020,ESSENCE,63070,AUTOMATIQUE,6000,63,660,<150000km
FERRARI,599,124870,1 génération,Coupé,2007,30/03/2020,ESSENCE,49000,AUTOMATIQUE,64000,60,620,<50000km
FERRARI,575,94960,1 génération,Coupé,2003,13/04/2020,ESSENCE,90735,MANUEL,54000,47,515,<150000km
FERRARI,F430,123170,1 génération,Coupé,2007,30/03/2020,ESSENCE,23545,AUTOMATIQUE,94000,43,490,<50000km
FERRARI,575,88370,1 génération,Coupé,2003,30/03/2020,ESSENCE,47412,MANUEL,6000,47,515,<50000km
FERRARI,TESTAROSSA,140380,1 génération,Coupé,1991,30/03/2020,ESSENCE,22932,MANUEL,21200,34,390,<50000km
FERRARI,456,80470,1 génération,Coupé,2000,30/03/2020,ESSENCE,57165,MANUEL,77000,40,442,<150000km
FERRARI,360,79280,1 génération,spider roadster,2003,30/03/2020,ESSENCE,84180,MANUEL,33000,34,400,<150000km
FERRARI,575,116410,1 génération,Coupé,2004,21/05/2020,ESSENCE,39421,MANUEL,72000,48,515,<50000km
FERRARI,456,78540,1 génération,Coupé,2000,30/03/2020,ESSENCE,87596,MANUEL,59000,40,442,<150000km
FERRARI,456,54480,1 génération,Coupé,1999,21/05/2020,ESSENCE,106493,MANUEL,86000,31,442,<150000km
FERRARI,488,222180,1 génération,spider roadster,2017,30/03/2020,ESSENCE,12695,AUTOMATIQUE,33000,61,670,<50000km
FERRARI,F430,100800,1 génération,Coupé,2008,30/03/2020,ESSENCE,45920,AUTOMATIQUE,83000,43,490,<50000km
FERRARI,599,134070,1 génération,Coupé,2010,30/03/2020,ESSENCE,46617,AUTOMATIQUE,16000,58,620,<50000km
FERRARI,348,74380,1 génération,ts targa,1994,30/03/2020,ESSENCE,74875,MANUEL,21000,21,300,<150000km
FERRARI,599,109150,1 génération,Coupé,2009,30/03/2020,ESSENCE,93220,AUTOMATIQUE,94000,58,620,<150000km
FERRARI,550,116550,1 génération,Coupé,2001,30/03/2020,ESSENCE,47369,MANUEL,31000,30,479,<50000km
FERRARI,F355,92550,1 génération,Cabriolet,1996,30/03/2020,ESSENCE,98770,MANUEL,7000,20,375,<150000km
FERRARI,F430,103190,1 génération,Coupé,2006,13/04/2020,ESSENCE,70725,AUTOMATIQUE,78000,43,490,<150000km
FERRARI,MONDIAL,63160,T,Cabriolet,1991,30/03/2020,ESSENCE,17176,MANUEL,16000,22,296,<50000km
FERRARI,MONDIAL,49240,T,Cabriolet,1996,30/03/2020,ESSENCE,40425,MANUEL,67000,22,296,<50000km
FERRARI,458,203880,1 génération,Coupé,2012,30/03/2020,ESSENCE,22200,AUTOMATIQUE,98000,49,570,<50000km
FERRARI,458,171200,1 génération,Coupé,2014,30/03/2020,ESSENCE,34240,AUTOMATIQUE,13000,49,570,<50000km
FERRARI,360,71380,1 génération,Coupé,2002,25/04/2020,ESSENCE,84058,MANUEL,33000,34,400,<150000km
FERRARI,488,376280,1 génération,spider roadster,2020,30/03/2020,ESSENCE,2862,AUTOMATIQUE,6000,68,720,<5000km
FERRARI,F430,90470,1 génération,Coupé,2006,30/03/2020,ESSENCE,79853,MANUEL,17000,43,490,<150000km
FERRARI,488,429450,1 génération,spider roadster,2021,30/03/2020,ESSENCE,78,AUTOMATIQUE,69000,68,720,<5000km
FERRARI,458,156600,1 génération,Coupé,2012,30/03/2020,ESSENCE,42660,AUTOMATIQUE,12000,49,570,<50000km
FERRARI,FF,158980,1 génération,Coupé,2013,30/03/2020,ESSENCE,23161,AUTOMATIQUE,12000,63,660,<50000km
FERRARI,F355,89580,1 génération,gts targa,1998,30/03/2020,ESSENCE,83548,MANUEL,29000,20,375,<150000km
FERRARI,458,165080,1 génération,Coupé,2011,24/04/2020,ESSENCE,54530,AUTOMATIQUE,67000,49,570,<150000km
FERRARI,488,307450,1 génération,Coupé,2019,30/03/2020,ESSENCE,5472,AUTOMATIQUE,6000,68,670,<50000km
FERRARI,488,407160,1 génération,Coupé,2020,30/03/2020,ESSENCE,1998,AUTOMATIQUE,6000,68,720,<5000km
FERRARI,458,499480,1 génération,Coupé,2017,30/03/2020,ESSENCE,311,AUTOMATIQUE,8000,53,605,<5000km
FERRARI,550,112080,1 génération,Coupé,1999,15/05/2020,ESSENCE,40710,MANUEL,38000,30,479,<50000km
FERRARI,CALIFORNIA,136390,2 génération,Cabriolet,2016,30/03/2020,ESSENCE,40950,AUTOMATIQUE,92000,47,560,<50000km
FERRARI,488,227680,1 génération,spider roadster,2017,30/03/2020,ESSENCE,31107,AUTOMATIQUE,89000,61,670,<50000km
FERRARI,458,321000,1 génération,Coupé,2015,30/03/2020,ESSENCE,8502,AUTOMATIQUE,75000,53,605,<50000km
FERRARI,CALIFORNIA,137880,1 génération,Cabriolet,2013,30/03/2020,ESSENCE,59685,AUTOMATIQUE,59000,40,490,<150000km
FERRARI,575,179140,1 génération,Coupé,2003,30/03/2020,ESSENCE,43460,MANUEL,78000,47,515,<50000km
FERRARI,812 SUPERFAST,351890,1 génération,Coupé,2019,23/04/2020,ESSENCE,12905,AUTOMATIQUE,31000,81,800,<50000km
FERRARI,MONDIAL,74380,T,Cabriolet,1992,30/03/2020,ESSENCE,8916,MANUEL,6000,22,296,<50000km
FERRARI,488,487500,1 génération,Coupé,2020,30/03/2020,ESSENCE,3125,AUTOMATIQUE,98000,68,720,<5000km
FERRARI,CALIFORNIA,121790,1 génération,Cabriolet,2011,13/05/2020,ESSENCE,32860,AUTOMATIQUE,33000,37,460,<50000km
FERRARI,PORTOFINO,264860,1 génération,Cabriolet,2019,30/03/2020,ESSENCE,5929,AUTOMATIQUE,69000,52,600,<50000km
FERRARI,612 SCAGLIETTI,99900,1 génération,Coupé,2009,30/03/2020,ESSENCE,27750,AUTOMATIQUE,75000,50,540,<50000km
FERRARI,599,141590,1 génération,Coupé,2008,30/03/2020,ESSENCE,43911,AUTOMATIQUE,13000,60,620,<50000km
FERRARI,FF,199920,1 génération,Coupé,2012,30/03/2020,ESSENCE,40698,AUTOMATIQUE,69000,63,660,<50000km
FERRARI,575,89250,1 génération,Coupé,2003,30/03/2020,ESSENCE,63351,MANUEL,78000,47,515,<150000km
FERRARI,599,115500,1 génération,Coupé,2010,29/05/2020,ESSENCE,39060,AUTOMATIQUE,60000,58,620,<50000km
FERRARI,550,86900,1 génération,Coupé,1999,30/03/2020,ESSENCE,89760,MANUEL,42000,31,479,<150000km
FERRARI,F430,115390,1 génération,Coupé,2008,07/05/2020,ESSENCE,61418,AUTOMATIQUE,18070,43,490,<150000km
FERRARI,456,87090,1 génération,Coupé,2001,30/03/2020,ESSENCE,79025,MANUEL,16000,40,442,<150000km
FERRARI,MONDIAL,51360,T,Cabriolet,1992,30/03/2020,ESSENCE,42828,MANUEL,65000,22,296,<50000km
FERRARI,F355,111710,1 génération,gts targa,1999,26/05/2020,ESSENCE,41268,MANUEL,74000,20,375,<50000km
FERRARI,F430,111000,1 génération,Coupé,2009,30/03/2020,ESSENCE,61680,AUTOMATIQUE,75000,41,490,<150000km
FERRARI,TESTAROSSA,157940,1 génération,Coupé,1988,30/03/2020,ESSENCE,59293,MANUEL,31000,28,390,<150000km
FERRARI,CALIFORNIA,116990,1 génération,Cabriolet,2012,22/04/2020,ESSENCE,75640,AUTOMATIQUE,67000,37,460,<150000km
FERRARI,FF,150680,1 génération,Coupé,2013,30/03/2020,ESSENCE,62640,AUTOMATIQUE,75000,63,660,<150000km
FERRARI,812 SUPERFAST,446400,1 génération,Coupé,2019,28/05/2020,ESSENCE,2009,AUTOMATIQUE,16000,81,800,<5000km
FERRARI,F355,93480,1 génération,Coupé,1999,30/03/2020,ESSENCE,73710,MANUEL,86000,20,375,<150000km
FERRARI,458,160980,1 génération,Coupé,2011,20/05/2020,ESSENCE,79350,AUTOMATIQUE,83000,49,570,<150000km
FERRARI,F430,91520,1 génération,Coupé,2006,09/05/2020,ESSENCE,46590,MANUEL,98000,43,490,<50000km
FERRARI,599,141450,1 génération,Coupé,2010,30/03/2020,ESSENCE,43845,AUTOMATIQUE,1000,58,620,<50000km
FERRARI,TESTAROSSA,98480,1 génération,Coupé,1992,30/03/2020,ESSENCE,63686,MANUEL,75000,28,390,<150000km
FERRARI,458,203390,1 génération,Coupé,2017,30/03/2020,ESSENCE,16060,AUTOMATIQUE,75000,49,570,<50000km
FERRARI,CALIFORNIA,93630,1 génération,Cabriolet,2011,30/03/2020,ESSENCE,104204,AUTOMATIQUE,2000,37,460,<150000km
FERRARI,F430,101260,1 génération,Coupé,2008,30/03/2020,ESSENCE,31065,AUTOMATIQUE,94000,43,490,<50000km
FERRARI,360,88040,1 génération,Coupé,2001,30/03/2020,ESSENCE,69600,MANUEL,98000,34,400,<150000km
FERRARI,CALIFORNIA,129020,1 génération,Cabriolet,2011,30/03/2020,ESSENCE,51414,AUTOMATIQUE,33000,37,460,<150000km
FERRARI,458,182880,1 génération,Coupé,2012,30/03/2020,ESSENCE,23010,AUTOMATIQUE,95000,49,570,<50000km
FERRARI,CALIFORNIA,110140,1 génération,Cabriolet,2011,29/05/2020,ESSENCE,28080,AUTOMATIQUE,35000,37,460,<50000km
FERRARI,FF,157300,1 génération,Coupé,2013,08/05/2020,ESSENCE,33493,AUTOMATIQUE,98000,63,660,<50000km
FERRARI,F355,123750,1 génération,Coupé,1996,30/03/2020,ESSENCE,99980,MANUEL,31000,20,375,<150000km
FERRARI,CALIFORNIA,110980,1 génération,Cabriolet,2011,30/03/2020,ESSENCE,60495,AUTOMATIQUE,12000,37,460,<150000km
FERRARI,360,80890,1 génération,spider roadster,2000,30/03/2020,ESSENCE,77760,MANUEL,78000,34,400,<150000km
FERRARI,488,293210,1 génération,Coupé,2019,30/03/2020,ESSENCE,3011,AUTOMATIQUE,72000,61,670,<5000km
FERRARI,458,178090,1 génération,Coupé,2012,22/04/2020,ESSENCE,50760,AUTOMATIQUE,6000,49,570,<150000km
FERRARI,CALIFORNIA,107880,1 génération,Cabriolet,2011,30/03/2020,ESSENCE,78000,AUTOMATIQUE,67000,37,460,<150000km
FERRARI,360,85480,1 génération,Coupé,2005,21/05/2020,ESSENCE,70680,MANUEL,95000,34,400,<150000km
FERRARI,TESTAROSSA,174000,1 génération,Coupé,1986,13/04/2020,ESSENCE,27330,MANUEL,54000,28,390,<50000km
FERRARI,488,202290,1 génération,spider roadster,2017,12/05/2020,ESSENCE,10513,AUTOMATIQUE,98000,62,670,<50000km
FERRARI,360,79280,1 génération,Coupé,2003,30/03/2020,ESSENCE,84180,MANUEL,33000,34,400,<150000km
FERRARI,575,100680,1 génération,Coupé,2003,30/03/2020,ESSENCE,38280,MANUEL,98000,47,515,<50000km
FERRARI,456,65330,1 génération,Coupé,1995,30/03/2020,ESSENCE,93653,MANUEL,12000,31,442,<150000km
FERRARI,TESTAROSSA,184760,1 génération,Coupé,1987,30/03/2020,ESSENCE,55726,MANUEL,31000,28,390,<150000km
FERRARI,F355,85020,1 génération,Coupé,1999,30/03/2020,ESSENCE,75412,MANUEL,92000,20,375,<150000km
FERRARI,599,136310,1 génération,Coupé,2010,30/03/2020,ESSENCE,42000,AUTOMATIQUE,91000,58,620,<50000km
FERRARI,F430,111140,1 génération,Coupé,2010,30/03/2020,ESSENCE,41952,AUTOMATIQUE,31000,41,490,<50000km
FERRARI,458,151180,1 génération,Coupé,2013,30/03/2020,ESSENCE,78111,AUTOMATIQUE,83000,49,570,<150000km
FERRARI,488,260990,1 génération,spider roadster,2017,30/03/2020,ESSENCE,8468,AUTOMATIQUE,62000,61,670,<50000km
FERRARI,PORTOFINO,222600,1 génération,Cabriolet,2019,08/05/2020,ESSENCE,21200,AUTOMATIQUE,98000,52,600,<50000km
FERRARI,360,99780,1 génération,Coupé,2003,30/03/2020,ESSENCE,83250,MANUEL,92000,34,400,<150000km
FERRARI,550,85270,1 génération,Coupé,2000,30/03/2020,ESSENCE,83570,MANUEL,75000,45,479,<150000km
FERRARI,488,204660,1 génération,Coupé,2017,30/03/2020,ESSENCE,8100,AUTOMATIQUE,13000,61,670,<50000km
FERRARI,488,398990,1 génération,Coupé,2020,28/05/2020,ESSENCE,3990,AUTOMATIQUE,62000,68,720,<5000km
FERRARI,612 SCAGLIETTI,100560,1 génération,Coupé,2007,30/03/2020,ESSENCE,29380,AUTOMATIQUE,40000,50,540,<50000km
FERRARI,F355,121790,1 génération,gts targa,1997,30/03/2020,ESSENCE,43384,MANUEL,45000,20,375,<50000km
FERRARI,F355,91640,1 génération,gts targa,1999,30/03/2020,ESSENCE,83520,MANUEL,92000,20,375,<150000km
FERRARI,GTC4LUSSO,269370,1 génération,Coupé,2018,07/05/2020,ESSENCE,30750,AUTOMATIQUE,98000,66,690,<50000km
FERRARI,458,348000,1 génération,Coupé,2016,30/03/2020,ESSENCE,26400,AUTOMATIQUE,64000,53,605,<50000km
FERRARI,360,108290,1 génération,spider roadster,2004,13/04/2020,ESSENCE,25422,MANUEL,6000,34,400,<50000km
FERRARI,MONDIAL,31030,T,Coupé,1986,30/03/2020,ESSENCE,75900,MANUEL,60000,21,291,<150000km
FERRARI,348,62920,1 génération,ts targa,1993,30/03/2020,ESSENCE,82280,MANUEL,33000,21,300,<150000km
FERRARI,550,114000,1 génération,Coupé,2002,30/03/2020,ESSENCE,89982,MANUEL,81000,46,479,<150000km
FERRARI,F430,123420,1 génération,Coupé,2008,18/05/2020,ESSENCE,44379,AUTOMATIQUE,75000,43,490,<50000km
FERRARI,488,275000,1 génération,Coupé,2019,30/03/2020,ESSENCE,5375,AUTOMATIQUE,14000,61,670,<50000km
FERRARI,348,95400,1 génération,Coupé,1993,30/03/2020,ESSENCE,103880,MANUEL,6000,21,300,<150000km
FERRARI,612 SCAGLIETTI,76320,1 génération,Coupé,2006,30/03/2020,ESSENCE,67840,AUTOMATIQUE,77000,50,540,<150000km
FERRARI,F50,2250000,1 génération,Coupé,1998,01/05/2020,ESSENCE,18750,MANUEL,98000,66,520,<50000km
FERRARI,FF,165300,1 génération,Coupé,2013,30/03/2020,ESSENCE,26220,AUTOMATIQUE,98000,63,660,<50000km
FERRARI,F430,92110,1 génération,Coupé,2008,30/03/2020,ESSENCE,53905,AUTOMATIQUE,6000,43,490,<150000km
FERRARI,575,143100,1 génération,Coupé,2003,30/03/2020,ESSENCE,5936,MANUEL,98000,47,515,<50000km
FERRARI,348,110450,1 génération,ts targa,1996,30/03/2020,ESSENCE,67035,MANUEL,94000,21,300,<150000km
FERRARI,FF,112240,1 génération,Coupé,2013,15/05/2020,ESSENCE,106575,AUTOMATIQUE,59000,63,660,<150000km
FERRARI,488,197290,1 génération,spider roadster,2017,30/03/2020,ESSENCE,26145,AUTOMATIQUE,98000,62,670,<50000km
FERRARI,F430,83720,1 génération,Coupé,2009,30/03/2020,ESSENCE,122027,AUTOMATIQUE,44000,43,490,<150000km
FERRARI,CALIFORNIA,94720,1 génération,Cabriolet,2011,30/03/2020,ESSENCE,53410,AUTOMATIQUE,77000,37,460,<150000km
FERRARI,F430,88460,1 génération,Coupé,2009,30/03/2020,ESSENCE,135520,AUTOMATIQUE,44000,43,490,<150000km
FERRARI,LAFERRARI,2775000,1 génération,aperta roadster,2016,30/03/2020,HYBRIDE,3219,AUTOMATIQUE,98000,1,963,<5000km
FERRARI,456,68070,1 génération,Coupé,2000,30/03/2020,ESSENCE,99820,MANUEL,16000,31,442,<150000km
FERRARI,ENZO,2310000,1 génération,Coupé,2005,30/03/2020,ESSENCE,11550,MANUEL,98000,66,660,<50000km
FERRARI,TESTAROSSA,108620,1 génération,Coupé,1992,30/03/2020,ESSENCE,82080,MANUEL,28000,28,390,<150000km
FERRARI,550,116400,1 génération,Coupé,1998,30/03/2020,ESSENCE,60600,MANUEL,75000,31,479,<150000km
FERRARI,612 SCAGLIETTI,95700,1 génération,Coupé,2009,30/03/2020,ESSENCE,48140,AUTOMATIQUE,16000,50,540,<50000km
FERRARI,458,195380,1 génération,Coupé,2013,30/03/2020,ESSENCE,10235,AUTOMATIQUE,21000,49,570,<50000km
FERRARI,575,126490,1 génération,Coupé,2004,23/05/2020,ESSENCE,43700,MANUEL,95000,47,515,<50000km
FERRARI,TESTAROSSA,143990,1 génération,Coupé,1989,30/03/2020,ESSENCE,73205,MANUEL,37000,34,390,<150000km
FERRARI,456,102790,1 génération,Coupé,2003,30/03/2020,ESSENCE,85188,MANUEL,75000,40,442,<150000km
FERRARI,TESTAROSSA,202950,1 génération,Coupé,1991,30/03/2020,ESSENCE,15990,MANUEL,92000,28,390,<50000km
FERRARI,F430,96120,1 génération,Coupé,2006,30/03/2020,ESSENCE,57575,AUTOMATIQUE,64000,43,490,<150000km
FERRARI,F430,89230,1 génération,Coupé,2006,30/03/2020,ESSENCE,43208,AUTOMATIQUE,59000,43,490,<50000km
FERRARI,CALIFORNIA,111920,1 génération,Cabriolet,2010,30/03/2020,ESSENCE,67649,AUTOMATIQUE,6000,37,460,<150000km
FERRARI,575,140800,1 génération,Coupé,2003,13/04/2020,ESSENCE,6160,MANUEL,98000,47,515,<50000km
FERRARI,488,212680,1 génération,spider roadster,2017,30/04/2020,ESSENCE,24640,AUTOMATIQUE,2000,62,670,<50000km
FERRARI,FF,187370,1 génération,Coupé,2014,13/04/2020,ESSENCE,82500,AUTOMATIQUE,73000,63,660,<150000km
FERRARI,CALIFORNIA,143640,1 génération,Cabriolet,2013,30/03/2020,ESSENCE,24966,AUTOMATIQUE,68000,37,490,<50000km
FERRARI,488,236690,1 génération,spider roadster,2017,30/03/2020,ESSENCE,21420,AUTOMATIQUE,67000,61,670,<50000km
